{
    "state": {
        "mean": [
            -0.17704439894831636,
            0.07414236440334017,
            -0.20948226968215175,
            -1.4156118209483932,
            -1.0747219128267453,
            -0.3522723062158605,
            -0.1138032114678754,
            0.3095748186212308,
            -0.13628118340954243,
            -0.16558785915189783,
            0.04841059471653093,
            -1.4288754770158534,
            0.8652008970905497,
            -0.4120955687678012,
            0.21242553355647678,
            0.25388864623197005,
            0.0,
            0.0,
            0.0,
            0.0,
            0.0,
            0.0,
            0.0,
            0.0,
            0.0,
            0.0,
            0.0,
            0.0,
            0.0,
            0.0,
            0.0,
            0.0
        ],
        "std": [
            0.21811540379191907,
            0.0994112724858506,
            0.24753163022904243,
            0.2215096022822861,
            0.5441782635821674,
            0.2662247715757486,
            0.21240207911000472,
            0.2640827553985192,
            0.2477822449112498,
            0.17328446497867153,
            0.34880691387353097,
            0.2015555248032104,
            0.5681138482300047,
            0.21588594868502953,
            0.23287687218436934,
            0.2758165853451191,
            1.0,
            1.0,
            1.0,
            1.0,
            1.0,
            1.0,
            1.0,
            1.0,
            1.0,
            1.0,
            1.0,
            1.0,
            1.0,
            1.0,
            1.0,
            1.0
        ],
        "q01": [
            -0.7405052185058594,
            0.015244007110595703,
            -0.7944817543029785,
            -1.6983327865600586,
            -1.6933469772338867,
            -0.6145491600036621,
            -0.614738941192627,
            0.0117647061124444,
            -0.8469491004943848,
            -0.8250665664672852,
            -0.7057986259460449,
            -1.7699980735778809,
            -0.5142664909362793,
            -0.6114945411682129,
            -0.2943819952011108,
            0.0117647061124444,
            0.0,
            0.0,
            0.0,
            0.0,
            0.0,
            0.0,
            0.0,
            0.0,
            0.0,
            0.0,
            0.0,
            0.0,
            0.0,
            0.0,
            0.0,
            0.0
        ],
        "q99": [
            0.2783217430114746,
            0.48212528228759766,
            0.4420747756958008,
            -0.7021803855895996,
            0.30984067916870117,
            0.43550634384155273,
            0.37660546779632464,
            0.8352941274642944,
            0.3240532875061035,
            -0.015339851379394531,
            1.0084245157241762,
            -0.7371504211425837,
            1.6306216669082583,
            0.2804444599151572,
            0.6178326606750488,
            0.8901960849761963,
            0.0,
            0.0,
            0.0,
            0.0,
            0.0,
            0.0,
            0.0,
            0.0,
            0.0,
            0.0,
            0.0,
            0.0,
            0.0,
            0.0,
            0.0,
            0.0
        ]
    },
    "actions": {
        "mean": [
            -0.19047945915978806,
            0.07289554132490195,
            -0.20461031894020523,
            -1.4406365616432795,
            -1.072825735392113,
            -0.354490404603907,
            -0.10484622949650345,
            0.3660847090479737,
            -0.14932166940028005,
            -0.1668320191455557,
            0.04135484879662567,
            -1.453560715159928,
            0.8618724153768774,
            -0.41705395486133234,
            0.20547671061922892,
            0.2834194588137312,
            0.0,
            0.0,
            0.0,
            0.0,
            0.0,
            0.0,
            0.0,
            0.0,
            0.0,
            0.0,
            0.0,
            0.0,
            0.0,
            0.0,
            0.0,
            0.0
        ],
        "std": [
            0.22187958847215486,
            0.10262956370507433,
            0.24729698712340462,
            0.22337462384184822,
            0.5438836824430988,
            0.26543483687287084,
            0.2135194900949027,
            0.3392231782526793,
            0.25220482200341676,
            0.1767220617900858,
            0.34802704314670196,
            0.20343422559898872,
            0.5678899917346555,
            0.21487142919230853,
            0.23448047567768382,
            0.32467693839667655,
            1.0,
            1.0,
            1.0,
            1.0,
            1.0,
            1.0,
            1.0,
            1.0,
            1.0,
            1.0,
            1.0,
            1.0,
            1.0,
            1.0,
            1.0,
            1.0
        ],
        "q01": [
            -0.7639224529266357,
            0.01745329238474369,
            -0.7884660959243774,
            -1.7257283926010132,
            -1.6919808387756348,
            -0.6108652353286743,
            -0.6108652353286743,
            0.0,
            -0.8713011145591736,
            -0.8344855308532715,
            -0.7102330923080444,
            -1.794742226600647,
            -0.5169515013694763,
            -0.6108652353286743,
            -0.302194207906723,
            0.0,
            0.0,
            0.0,
            0.0,
            0.0,
            0.0,
            0.0,
            0.0,
            0.0,
            0.0,
            0.0,
            0.0,
            0.0,
            0.0,
            0.0,
            0.0,
            0.0
        ],
        "q99": [
            0.2730485796928406,
            0.49240782856941223,
            0.4463884234428406,
            -0.7225049734115601,
            0.3098641335964203,
            0.43104860186576843,
            0.3850291669368744,
            0.949999988079071,
            0.3206019699573517,
            -0.01745329238474369,
            0.9894176125526428,
            -0.7562525272369385,
            1.6275538206100464,
            0.27458256483078003,
            0.6108652353286743,
            0.949999988079071,
            0.0,
            0.0,
            0.0,
            0.0,
            0.0,
            0.0,
            0.0,
            0.0,
            0.0,
            0.0,
            0.0,
            0.0,
            0.0,
            0.0,
            0.0,
            0.0
        ]
    }
}