{
    "state": {
        "mean": [
            -0.09142415466149163,
            0.0584964369694799,
            -0.22683049367569785,
            -1.4960606148392337,
            -1.0949352304197026,
            -0.2860355920477903,
            -0.06431317671381387,
            0.0,
            -0.007413981604655306,
            -0.1113110185385943,
            0.03338629181292389,
            -1.5431240114198819,
            0.9442025832201261,
            -0.3457654024374368,
            0.17607299570359738,
            0.0,
            0.0,
            0.0,
            0.0,
            0.0,
            0.0,
            0.0,
            0.0,
            0.0,
            0.0,
            0.0,
            0.0,
            0.0,
            0.0,
            0.0,
            0.0,
            0.0
        ],
        "std": [
            0.22296780462794383,
            0.08850594374508136,
            0.2367378823839206,
            0.21368243922780905,
            0.5638110647887699,
            0.2758575235690292,
            0.21813351021296593,
            1.0,
            0.25213856283923997,
            0.1433257505323769,
            0.29302398567101773,
            0.2265307924704277,
            0.5890449413121466,
            0.24519350833055029,
            0.2382085554396389,
            1.0,
            1.0,
            1.0,
            1.0,
            1.0,
            1.0,
            1.0,
            1.0,
            1.0,
            1.0,
            1.0,
            1.0,
            1.0,
            1.0,
            1.0,
            1.0,
            1.0
        ],
        "q01": null,
        "q99": null
    },
    "actions": {
        "mean": [
            -0.02104252351970819,
            0.0002507289445392192,
            0.007293845068382544,
            -0.01938332419509297,
            0.0045240738321017625,
            -0.001272928108098511,
            0.0012539081622507976,
            0.0,
            -0.017993196557057733,
            -0.0037606101363194936,
            -0.015228426061682634,
            -0.021045064329722266,
            -0.010172915621865763,
            -0.0066085140359486,
            0.001270415146680527,
            0.0,
            0.0,
            0.0,
            0.0,
            0.0,
            0.0,
            0.0,
            0.0,
            0.0,
            0.0,
            0.0,
            0.0,
            0.0,
            0.0,
            0.0,
            0.0,
            0.0
        ],
        "std": [
            0.1829326421328276,
            0.08866894734145826,
            0.22734804218566965,
            0.18892364056384245,
            0.4863047419527368,
            0.2071205737294933,
            0.15866162039281445,
            1.0,
            0.20993083836576396,
            0.1260196690934137,
            0.2888612830890312,
            0.1983389686443779,
            0.498597532362731,
            0.1825796599039842,
            0.1492009644196654,
            1.0,
            1.0,
            1.0,
            1.0,
            1.0,
            1.0,
            1.0,
            1.0,
            1.0,
            1.0,
            1.0,
            1.0,
            1.0,
            1.0,
            1.0,
            1.0,
            1.0
        ],
        "q01": null,
        "q99": null
    }
}